"Path","Kind","Name","Line"
"chat_io\character_builder.py","def","build_characters_from_chat","4"
"chat_io\character_builder.py","def","infer_personality","36"
"chat_io\character_builder.py","def","infer_role","55"
"chat_io\character_builder.py","def","infer_speaking_style","72"
"chat_io\character_builder.py","def","infer_goals","88"
"chat_io\character_builder.py","def","infer_scenario_alignment","106"
"chat_io\consistency_checker.py","def","check_chat_consistency","4"
"chat_io\consistency_checker.py","def","find_duplicate_character_names","63"
"chat_io\consistency_checker.py","def","find_basic_contradictions","71"
"chat_io\exporter.py","def","export_chat_json","4"
"chat_io\exporter.py","def","export_chat_docx","14"
"chat_io\exporter.py","def","export_chat_pdf","51"
"chat_io\importer.py","def","import_chat_url","10"
"chat_io\importer.py","def","import_chat_file","50"
"chat_io\importer.py","def","import_json","67"
"chat_io\importer.py","def","import_pdf","82"
"chat_io\importer.py","def","import_docx","96"
"chat_io\importer.py","def","normalize_message_list","106"
"chat_io\importer.py","def","parse_plain_text","136"
"chat_io\spelling_cleaner.py","def","clean_text","20"
"chat_io\spelling_cleaner.py","def","clean_chat_messages","29"
"core\auto_fill.py","def","auto_fill_character","11"
"core\auto_fill.py","def","gen_photo_prompt","67"
"core\auto_fill.py","def","_el","91"
"core\automode.py","def","score_ai_actions","14"
"core\automode.py","def","full_world_tick","24"
"core\automode.py","def","run_auto_ticks","91"
"core\automode.py","def","start_automode","94"
"core\automode.py","def","stop_automode","107"
"core\automode.py","def","is_automode_running","110"
"core\backup_restore.py","def","create_backup","17"
"core\backup_restore.py","def","restore_backup","30"
"core\backup_restore.py","def","list_backups","43"
"core\character_data.py","def","height_range_str","35"
"core\character_data.py","def","random_height","39"
"core\character_data.py","def","get_measurement_range","126"
"core\character_data.py","def","random_measurements","131"
"core\character_data.py","def","random_backstory","442"
"core\character_data.py","def","random_scenario","446"
"core\character_data.py","def","random_goals","449"
"core\character_data.py","def","_build_all","474"
"core\character_data.py","def","get_library","486"
"core\character_data.py","def","_build_lib","491"
"core\character_data.py","def","generate_character_options_doc","598"
"core\character_search.py","def","_error_detail","47"
"core\character_search.py","def","_local_only_blocked","62"
"core\character_search.py","def","search_characters","73"
"core\character_search.py","def","fetch_character_card","144"
"core\character_search.py","def","_extract_card_json","165"
"core\chat_engine.py","def","get_system_preamble","61"
"core\chat_engine.py","def","set_system_preamble","74"
"core\chat_engine.py","def","build_system_prompt","86"
"core\chat_engine.py","def","get_active_model","108"
"core\chat_engine.py","def","set_active_model","121"
"core\chat_engine.py","def","send_to_llm","133"
"core\chat_engine.py","def","stream_from_llm","151"
"core\chat_engine.py","def","save_message","202"
"core\chat_engine.py","def","get_history","208"
"core\chat_engine.py","def","edit_message","216"
"core\chat_engine.py","def","delete_message","221"
"core\chat_engine.py","def","rollback_last","226"
"core\chat_engine.py","def","tag_moment","236"
"core\chat_engine.py","def","get_moments","241"
"core\chat_engine.py","def","search_messages","249"
"core\chat_engine.py","def","clear_session","257"
"core\chat_engine.py","def","export_chat_txt","265"
"core\chat_engine.py","def","export_chat_json","274"
"core\chat_engine.py","def","export_chat_html","293"
"core\chat_engine.py","def","generate_suggestions","316"
"core\chat_engine.py","def","generate_chat_summary","334"
"core\chat_engine.py","def","extract_highlights","345"
"core\companion_soul.py","def","get_soul","23"
"core\companion_soul.py","def","save_soul","35"
"core\companion_soul.py","def","update_affect","41"
"core\companion_soul.py","def","build_soul_prompt","66"
"core\db_migration.py","def","migrate_db","6"
"core\edge_tts_engine.py","def","speak_edge_tts","46"
"core\edge_tts_engine.py","def","get_voice_for_character","69"
"core\edge_voice.py","def","speak_text","52"
"core\edge_voice.py","def","get_voice_for_character","89"
"core\image_gen.py","def","_try_pollinations","43"
"core\image_gen.py","def","_try_comfyui","54"
"core\image_gen.py","def","_try_automatic1111","105"
"core\image_gen.py","def","_placeholder_image","126"
"core\image_gen.py","def","generate_image_url","138"
"core\image_gen.py","def","download_image","145"
"core\image_gen.py","def","build_character_prompt","195"
"core\image_gen.py","def","generate_character_image","220"
"core\image_gen.py","def","get_active_provider","236"
"core\image_gen.py","def","set_provider_order","249"
"core\import_test.py","def","test_imports","49"
"core\import_test.py","def","run_all","63"
"core\knowledge_base.py","def","_get_embedder","22"
"core\knowledge_base.py","def","index_file","32"
"core\knowledge_base.py","def","index_folder","65"
"core\knowledge_base.py","def","search_knowledge","76"
"core\knowledge_base.py","def","_keyword_search","83"
"core\knowledge_base.py","def","_vector_search","97"
"core\knowledge_base.py","def","_cosine","124"
"core\knowledge_base.py","def","_extract_snippet","131"
"core\knowledge_base.py","def","list_indexed","140"
"core\knowledge_base.py","def","delete_document","147"
"core\levelling.py","def","xp_for_level","12"
"core\levelling.py","def","level_from_xp","13"
"core\levelling.py","def","xp_progress","17"
"core\levelling.py","def","get_available_professions","72"
"core\levelling.py","def","can_change_profession","79"
"core\levelling.py","def","get_available_skills","109"
"core\levelling.py","def","get_character","119"
"core\levelling.py","def","get_character_by_name","123"
"core\levelling.py","def","award_xp","127"
"core\levelling.py","def","award_xp_by_name","139"
"core\levelling.py","def","increase_stat","143"
"core\levelling.py","def","add_skill_to_character","151"
"core\levelling.py","def","add_feat_to_character","163"
"core\levelling.py","def","change_profession","182"
"core\levelling.py","def","get_achievement_bonuses","189"
"core\levelling.py","def","get_equipment_bonuses","204"
"core\levelling.py","def","get_total_stats","223"
"core\levelling.py","def","get_inventory_summary","239"
"core\levelling.py","def","get_full_sheet","257"
"core\levelling.py","def","build_char_prompt","288"
"core\logging_setup.py","def","configure_logging","16"
"core\logging_setup.py","def","get_logger","56"
"core\lorebook.py","def","create_entry","11"
"core\lorebook.py","def","get_triggered_entries","23"
"core\lorebook.py","def","build_lorebook_context","45"
"core\lorebook.py","def","list_entries","54"
"core\lorebook.py","def","delete_entry","60"
"core\lorebook.py","def","toggle_entry","64"
"core\media_pipeline.py","def","get_provider_options","20"
"core\media_pipeline.py","def","create_animation","47"
"core\media_pipeline.py","def","create_slideshow","74"
"core\media_pipeline.py","def","queue_media_job","106"
"core\media_pipeline.py","def","get_job_status","118"
"core\media_pipeline.py","def","list_jobs","124"
"core\media_pipeline.py","def","_process_job","135"
"core\media_pipeline.py","def","_worker_loop","167"
"core\media_pipeline.py","def","_ensure_worker","178"
"core\media_pipeline.py","def","trigger_achievement_cinematic","188"
"core\media_pipeline.py","def","trigger_boss_cinematic","199"
"core\media_pipeline.py","def","_batch_generate_portraits","211"
"core\media_pipeline.py","def","queue_batch_portraits","228"
"core\memory_engine.py","class","MemoryEngine","38"
"core\model_manager.py","class","ModelManager","18"
"core\planning.py","class","PlanningEngine","13"
"core\planning.py","class","WorkflowEngine","30"
"core\planning.py","class","SuggestionEngine","70"
"core\plugin_manager.py","class","PluginManager","16"
"core\plugin_manager.py","def","ensure_loaded","72"
"core\quest_system.py","def","generate_quest","13"
"core\quest_system.py","def","_extract_json_object","26"
"core\quest_system.py","def","generate_dynamic_quest","37"
"core\quest_system.py","def","complete_quest","91"
"core\quest_system.py","def","update_progress","111"
"core\quest_system.py","def","get_active_quests","117"
"core\quest_system.py","def","get_all_quests","123"
"core\quest_system.py","def","abandon_quest","127"
"core\quest_system.py","def","get_quest_history","130"
"core\relationship_engine.py","def","_bond_from_trust","36"
"core\relationship_engine.py","def","_mood_from_trust","44"
"core\relationship_engine.py","def","trust_from_tags","52"
"core\relationship_engine.py","def","get_relationship","66"
"core\relationship_engine.py","def","ensure_relationship","73"
"core\relationship_engine.py","def","apply_time_decay","90"
"core\relationship_engine.py","def","record_interaction","126"
"core\relationship_engine.py","def","get_event_history","166"
"core\relationship_engine.py","def","list_all_relationships","174"
"core\relationship_engine.py","def","get_relationship_prompt","180"
"core\safe_ui.py","def","safe_multiselect","6"
"core\safe_ui.py","def","safe_selectbox","19"
"core\safe_ui.py","def","safe_slider","31"
"core\safety.py","class","SafetyMonitor","20"
"core\security.py","def","_hash_pw","17"
"core\security.py","def","_check_pw","23"
"core\security.py","def","register_user","32"
"core\security.py","def","verify_user","51"
"core\security.py","def","reset_password","61"
"core\security.py","def","user_exists","78"
"core\security.py","def","list_users","85"
"core\security.py","def","delete_user","92"
"core\simulation_engine.py","def","get_npc_current_goal","20"
"core\simulation_engine.py","def","update_npc_schedule_from_goals","33"
"core\simulation_engine.py","def","adjust_npc_goals","53"
"core\simulation_engine.py","def","add_npc_memory","77"
"core\simulation_engine.py","def","get_npc_memories","90"
"core\simulation_engine.py","def","build_npc_prompt_context","97"
"core\simulation_engine.py","def","resolve_faction_war","113"
"core\simulation_engine.py","def","check_war_triggers","159"
"core\simulation_engine.py","def","init_market","181"
"core\simulation_engine.py","def","tick_economy","190"
"core\simulation_engine.py","def","get_market","226"
"core\simulation_engine.py","def","get_weather_effects","247"
"core\simulation_engine.py","def","log_weather","250"
"core\simulation_engine.py","def","create_quest_chain","264"
"core\simulation_engine.py","def","get_available_quests","282"
"core\simulation_engine.py","def","complete_chain_quest","303"
"core\simulation_engine.py","def","get_director_state","317"
"core\simulation_engine.py","def","update_director","325"
"core\simulation_engine.py","def","generate_scaled_encounter","351"
"core\simulation_engine.py","def","run_world_simulation_tick","378"
"core\storage.py","def","get_conn","19"
"core\storage.py","def","now_iso","28"
"core\storage.py","def","save_json","30"
"core\storage.py","def","load_json","34"
"core\storage.py","def","get_bool_setting","44"
"core\storage.py","def","set_bool_setting","57"
"core\storage.py","def","get_setting","68"
"core\storage.py","def","set_setting","81"
"core\storage.py","def","_create_tables","188"
"core\storage.py","def","_is_duplicate_column_error","200"
"core\storage.py","def","_run_migrations","204"
"core\storage.py","def","_record_schema_version","218"
"core\storage.py","def","get_schema_version","231"
"core\storage.py","def","init_db","248"
"core\storage.py","def","delete_character","280"
"core\storage.py","def","delete_world","304"
"core\voice_system.py","class","VoiceSystem","15"
"core\web_search.py","def","_local_only_blocked","28"
"core\web_search.py","def","_error_detail","39"
"core\web_search.py","def","search_web","52"
"core\world_engine.py","def","_rn","30"
"core\world_engine.py","def","create_world","33"
"core\world_engine.py","def","get_world","61"
"core\world_engine.py","def","list_worlds","72"
"core\world_engine.py","def","get_locations","77"
"core\world_engine.py","def","advance_world_tick","82"
"core\world_engine.py","def","generate_npc","131"
"core\world_engine.py","def","list_npcs","150"
"core\world_engine.py","def","get_npc_schedule","156"
"core\world_engine.py","def","create_faction","161"
"core\world_engine.py","def","list_factions","168"
"core\world_engine.py","def","set_diplomacy","173"
"core\world_engine.py","def","get_diplomacy","179"
"core\world_engine.py","def","generate_dungeon","184"
"core\world_engine.py","def","list_dungeons","199"
"core\world_engine.py","def","simulate_combat","206"
"core\world_engine.py","def","ensure_economy","220"
"core\world_engine.py","def","earn_currency","227"
"core\world_engine.py","def","spend_currency","233"
"core\world_engine.py","def","get_economy","241"
"core\world_engine.py","def","add_campaign_event","247"
"core\world_engine.py","def","get_timeline","252"
"core\world_engine.py","def","get_resources","257"
"core\world_engine.py","def","get_laws","262"
"core\world_engine.py","def","add_law","266"
"core\world_engine.py","def","get_random_events","271"
"core\world_engine.py","def","get_weather_log","276"
"core\world_engine.py","def","save_campaign","281"
"core\world_engine.py","def","list_campaign_saves","294"
"install_full.py","def","banner","61"
"install_full.py","def","step","68"
"install_full.py","def","create_directories","75"
"install_full.py","def","install_packages","85"
"install_full.py","def","install_packages_auto","114"
"install_full.py","def","init_database","130"
"install_full.py","def","create_launchers","151"
"install_full.py","def","create_desktop_shortcut","183"
"install_full.py","def","_get_desktop_path","239"
"install_full.py","def","verify_services","266"
"install_full.py","def","main","294"
"map_engine\pathfinding.py","def","_build_adj","6"
"map_engine\pathfinding.py","def","find_path","19"
"map_engine\pathfinding.py","def","travel_cost","30"
"map_engine\pathfinding.py","def","get_faction_territories","39"
"modules\character.py","def","_si","17"
"modules\character.py","def","_soc","22"
"modules\character.py","def","render_character_creation","29"
"modules\character.py","def","_single","35"
"modules\character.py","def","_multi","241"
"modules\character.py","def","_rnd","275"
"modules\character.py","def","_save","331"
"modules\character.py","def","_list","336"
"modules\character.py","def","_del","339"
"modules\chat.py","def","render_chat","42"
"modules\chat.py","def","_send","461"
"modules\chat.py","def","_group_chat","572"
"modules\chat.py","def","_regen","578"
"modules\chat.py","def","_gen_img","592"
"modules\chat.py","def","_animate_img","606"
"modules\chat.py","def","_sync_world","620"
"modules\chat.py","def","_render_point_spender","634"
"modules\chat.py","def","_levelup_dialog","674"
"modules\chat.py","def","_check_levelup","693"
"modules\chat.py","def","_add_quest_item","712"
"modules\chat.py","def","_add_quest_reward","719"
"modules\chat.py","def","_speak","741"
"modules\chat.py","def","_transcribe","782"
"modules\chat.py","def","_transcribe_google","813"
"modules\chat.py","def","_level_affects_world","828"
"modules\chat_import.py","def","render_chat_import","10"
"modules\explore.py","def","render_explore","15"
"modules\explore.py","def","_my_characters","23"
"modules\explore.py","def","_render_card","44"
"modules\explore.py","def","_library_tab","122"
"modules\explore.py","def","_render_lib_card","152"
"modules\explore.py","def","_web_search_tab","169"
"modules\explore.py","def","_general_web_search_section","211"
"modules\explore.py","def","_render_web_result_card","239"
"modules\explore.py","def","_import_web_character","256"
"modules\explore.py","def","_db_all","285"
"modules\explore.py","def","_parse_tags","291"
"modules\explore.py","def","_import_to_db","299"
"modules\knowledge.py","def","render_knowledge","13"
"modules\media_gallery.py","def","save_media","17"
"modules\media_gallery.py","def","get_media","23"
"modules\media_gallery.py","def","delete_media","30"
"modules\media_gallery.py","def","save_uploaded_file","40"
"modules\media_gallery.py","def","add_achievement","47"
"modules\media_gallery.py","def","save_memory_snapshot","54"
"modules\media_gallery.py","def","_san","61"
"modules\media_gallery.py","def","_chars","63"
"modules\media_gallery.py","def","render_media_gallery","69"
"modules\media_gallery.py","def","_mtab","125"
"modules\media_production.py","def","render_media_production","12"
"modules\security.py","def","login_gate","8"
"modules\security.py","def","_create_account_screen","18"
"modules\security.py","def","_sign_in_screen","42"
"modules\security.py","def","render_security_settings","75"
"modules\settings.py","def","render_settings","12"
"modules\world_view.py","def","render_world_view","22"
"modules\world_view.py","def","_creator","404"
"modules\world_view.py","def","_auto","421"
"modules\world_view.py","def","_dungeons_tab","440"
"modules\world_view.py","def","_combat_tab","448"
"modules\world_view.py","def","_economy_tab","464"
"modules\world_view.py","def","_resources_tab","485"
"modules\world_view.py","def","_laws_tab","489"
"modules\world_view.py","def","_diplomacy_tab","500"
"modules\world_view.py","def","_events_tab","515"
"modules\world_view.py","def","_saves_tab","519"
"modules\world_view.py","def","_quests_tab","524"
"modules\world_view.py","def","_relationships_tab","553"
"modules\world_view.py","def","_import_npc_as_character","577"
"plugins\example_plugin.py","def","on_user_message","8"
"plugins\example_plugin.py","def","on_ai_response","13"
"shared_config.py","def","_load_config_file","32"
"shared_config.py","def","get_setting","49"
"story\narrative.py","def","get_story_state","41"
"story\narrative.py","def","set_story_state","45"
"story\narrative.py","def","advance_story","48"
"story\narrative.py","def","get_character_arc","61"
"story\narrative.py","def","start_character_arc","70"
"story\narrative.py","def","advance_character_arc","77"
"story\narrative.py","def","get_narrative_prompt","85"
"tests\conftest.py","def","temp_db","17"
"tests\test_cascading_delete.py","def","_make_character","9"
"tests\test_cascading_delete.py","def","test_delete_character_removes_id_and_name_linked_rows","16"
"tests\test_cascading_delete.py","def","test_delete_character_does_not_touch_other_characters","43"
"tests\test_cascading_delete.py","def","test_delete_character_returns_false_for_unknown_id","62"
"tests\test_cascading_delete.py","def","test_delete_world_removes_linked_rows","66"
"tests\test_cascading_delete.py","def","test_delete_world_returns_false_for_unknown_id","90"
"tests\test_character_data.py","def","test_backstory_count_and_length","7"
"tests\test_character_data.py","def","test_scenario_count_and_length","12"
"tests\test_character_data.py","def","test_goal_count_and_length","17"
"tests\test_character_data.py","def","test_random_backstory_fills_placeholders","22"
"tests\test_character_data.py","def","test_random_scenario_returns_from_list","28"
"tests\test_character_data.py","def","test_random_goals_fills_placeholder","32"
"tests\test_character_search.py","def","_fake_search_response","17"
"tests\test_character_search.py","def","test_search_characters_parses_real_response_shape","24"
"tests\test_character_search.py","def","test_search_characters_sends_expected_params","43"
"tests\test_character_search.py","def","test_search_characters_never_fabricates_on_network_error","54"
"tests\test_character_search.py","def","test_search_characters_surfaces_403","63"
"tests\test_character_search.py","def","test_search_characters_retries_without_sort_on_422","73"
"tests\test_character_search.py","def","test_search_characters_surfaces_422_detail_if_retry_also_fails","90"
"tests\test_character_search.py","def","test_search_characters_surfaces_response_body_on_error","105"
"tests\test_character_search.py","def","test_search_characters_respects_local_only_mode","117"
"tests\test_character_search.py","def","test_extract_card_json_reads_embedded_png_text_chunk","126"
"tests\test_character_search.py","def","test_extract_card_json_handles_v1_flat_format","144"
"tests\test_character_search.py","def","test_extract_card_json_returns_none_for_image_without_embedded_data","158"
"tests\test_character_search.py","def","test_fetch_character_card_returns_none_on_http_error","166"
"tests\test_character_search.py","def","test_fetch_character_card_respects_local_only_mode","174"
"tests\test_chat_engine.py","def","_fake_stream_response","11"
"tests\test_chat_engine.py","def","test_default_preamble_has_no_unsafe_absolute_language","18"
"tests\test_chat_engine.py","def","test_get_system_preamble_defaults","25"
"tests\test_chat_engine.py","def","test_set_and_get_system_preamble_roundtrip","29"
"tests\test_chat_engine.py","def","test_build_system_prompt_includes_configured_preamble","38"
"tests\test_chat_engine.py","def","test_active_model_defaults_to_shared_config","45"
"tests\test_chat_engine.py","def","test_set_and_get_active_model_roundtrip","50"
"tests\test_chat_engine.py","def","test_send_to_llm_uses_active_model","57"
"tests\test_chat_engine.py","def","test_send_to_llm_handles_connection_errors_without_raising","70"
"tests\test_chat_engine.py","def","test_send_to_llm_without_requests_library","78"
"tests\test_chat_engine.py","def","test_export_chat_json_backward_compatible_without_character","84"
"tests\test_chat_engine.py","def","test_export_chat_json_includes_quests_with_character","93"
"tests\test_chat_engine.py","def","test_stream_from_llm_yields_deltas_in_order","104"
"tests\test_chat_engine.py","def","test_stream_from_llm_requests_streaming_mode","118"
"tests\test_chat_engine.py","def","test_stream_from_llm_skips_unparseable_lines_and_blank_lines","131"
"tests\test_chat_engine.py","def","test_stream_from_llm_falls_back_to_non_streamed_on_connection_error","145"
"tests\test_chat_engine.py","def","test_stream_from_llm_falls_back_when_server_sends_no_content","155"
"tests\test_chat_engine.py","def","test_stream_from_llm_without_requests_library","166"
"tests\test_chat_io_importer.py","def","_fake_response","12"
"tests\test_chat_io_importer.py","def","test_import_chat_url_parses_json_message_list","23"
"tests\test_chat_io_importer.py","def","test_import_chat_url_parses_json_with_messages_key","33"
"tests\test_chat_io_importer.py","def","test_import_chat_url_parses_plain_text","42"
"tests\test_chat_io_importer.py","def","test_import_chat_url_rejects_non_http_scheme","52"
"tests\test_chat_io_importer.py","def","test_import_chat_url_respects_local_only_mode","60"
"tests\test_image_gen.py","def","test_download_image_falls_back_to_placeholder_when_all_providers_fail","12"
"tests\test_image_gen.py","def","test_download_image_stops_at_first_successful_provider","23"
"tests\test_image_gen.py","def","test_local_only_mode_skips_pollinations","36"
"tests\test_image_gen.py","def","test_local_only_mode_off_by_default_still_tries_pollinations","46"
"tests\test_imports.py","def","test_core_modules_import","6"
"tests\test_imports.py","def","test_ui_modules_import","12"
"tests\test_knowledge_content.py","def","test_dnd_reference_docs_exist_and_are_nonempty","9"
"tests\test_knowledge_content.py","def","test_character_options_doc_covers_every_race","18"
"tests\test_knowledge_content.py","def","test_character_options_doc_covers_professions","24"
"tests\test_knowledge_content.py","def","test_character_options_doc_is_indexable_by_knowledge_base","30"
"tests\test_plugin_manager.py","def","_write_plugin","5"
"tests\test_plugin_manager.py","def","test_discover_finds_py_files_and_skips_private","9"
"tests\test_plugin_manager.py","def","test_load_and_run_hook_calls_plugin_function","21"
"tests\test_plugin_manager.py","def","on_user_message","26"
"tests\test_plugin_manager.py","def","test_disabled_plugin_does_not_run","36"
"tests\test_plugin_manager.py","def","on_user_message","41"
"tests\test_plugin_manager.py","def","test_run_hook_survives_a_broken_plugin","52"
"tests\test_plugin_manager.py","def","test_load_missing_plugin_returns_false","62"
"tests\test_quest_system.py","def","test_generate_dynamic_quest_uses_llm_json","12"
"tests\test_quest_system.py","def","test_generate_dynamic_quest_handles_markdown_fenced_json","31"
"tests\test_quest_system.py","def","test_generate_dynamic_quest_falls_back_on_unparseable_response","43"
"tests\test_quest_system.py","def","test_generate_dynamic_quest_falls_back_when_llm_raises","52"
"tests\test_quest_system.py","def","test_generate_quest_templated_still_works","60"
"tests\test_security.py","def","test_user_lifecycle","7"
"tests\test_security.py","def","test_register_duplicate_username_fails","30"
"tests\test_storage.py","def","test_init_db_creates_expected_tables","7"
"tests\test_storage.py","def","test_init_db_is_idempotent","18"
"tests\test_storage.py","def","test_migration_skips_duplicate_column_silently","28"
"tests\test_storage.py","def","test_message_crud","36"
"tests\test_storage.py","def","test_settings_crud","59"
"tests\test_web_search.py","def","_fake_response","13"
"tests\test_web_search.py","def","test_search_web_without_api_key_returns_helpful_error","20"
"tests\test_web_search.py","def","test_search_web_parses_real_response_shape","26"
"tests\test_web_search.py","def","test_search_web_sends_api_key_header","38"
"tests\test_web_search.py","def","test_search_web_rejects_empty_query","49"
"tests\test_web_search.py","def","test_search_web_surfaces_401","56"
"tests\test_web_search.py","def","test_search_web_surfaces_network_error","67"
"tests\test_web_search.py","def","test_search_web_respects_local_only_mode","76"
"ui\skill_tree_ui.py","def","_c","6"
"ui\skill_tree_ui.py","def","render_skill_tree_svg","11"
"ui\skill_tree_ui.py","def","render_all_trees","45"
"ui\skill_tree_ui.py","def","streamlit_skill_tree","48"
"world\prebuilt.py","def","get_prebuilt_list","42"
"world\prebuilt.py","def","create_prebuilt_world","44"
